date,dji
2022-01-04,1000000.0
2022-01-05,989333.0757448218
2022-01-06,984696.0579404313
2022-01-07,984565.3883836782
2022-01-10,980141.7302942135
2022-01-11,985118.6375549189
2022-01-12,986159.4295971324
2022-01-13,981357.7745201795
2022-01-14,975873.6868027993
2022-01-17,961108.8760825882
2022-01-18,951874.540241659
2022-01-19,943362.0183616733
2022-01-20,931133.1099248357
2022-01-21,933826.8559376098
2022-01-24,932012.4491678441
2022-01-25,928489.5724419921
2022-01-27,928290.9674536209
2022-01-28,943635.8830703843
2022-01-31,954679.2120763722
2022-02-01,962108.0576729355
2022-02-02,968197.513775501
2022-02-03,954116.7279323958
2022-02-04,953534.6062027173
2022-02-07,953572.3952865548
2022-02-08,963671.7402403853
2022-02-09,971967.3994847522
2022-02-10,957661.0467788521
2022-02-11,943978.0016580492
2022-02-14,939307.1222869613
2022-02-15,950792.774642251
2022-02-16,949309.8715489598
2022-02-17,932401.0610665225
2022-02-18,926073.5125059576
2022-02-21,912960.0635196286
2022-02-22,900328.2130540054
2022-02-23,902830.041472458
2022-02-24,925518.3526507026
2022-02-25,921003.406325001
2022-02-28,904762.6983528843
2022-03-02,920969.4386091919
2022-03-03,918341.9296422458
2022-03-04,913454.399933763
2022-03-07,891785.1202297916
2022-03-08,886765.0102805415
2022-03-09,904526.3042806752
2022-03-10,901477.9140850318
2022-03-11,895231.1449986253
2022-03-14,895259.5929606155
2022-03-15,911539.6822532484
2022-03-16,925636.6027613629
2022-03-17,936986.1719551923
2022-03-21,944436.4596723601
2022-03-22,938948.8690342872
2022-03-23,945863.9529292379
2022-03-24,933663.8109017261
2022-03-25,943159.5920052734
2022-03-28,947325.3077528126
2022-03-29,949897.4068833453
2022-03-30,959090.4507197441
2022-03-31,957313.7268847041
2022-04-01,942355.5124826048
2022-04-04,946157.6675218747
2022-04-05,948973.166566002
2022-04-06,941345.3975337315
2022-04-07,937414.165174387
2022-04-08,939779.9104313795
2022-04-11,943517.7391088357
2022-04-12,932293.6381652764
2022-04-13,929909.9537083723
2022-04-18,939264.1318966405
2022-04-19,936183.6846692022
2022-04-20,935109.2433585154
2022-04-21,948682.9548940578
2022-04-22,955465.3523991291
2022-04-25,945464.5138211452
2022-04-26,918796.7785867519
2022-04-27,925265.9300625962
2022-04-28,903274.381654886
2022-04-29,904952.3868158556
2022-05-02,921649.8544164931
2022-05-04,896128.4234415453
2022-05-05,898418.908978198
2022-05-06,900247.433579847
2022-05-09,925581.0867758375
2022-05-10,896692.4998222003
2022-05-11,894013.1900886451
2022-05-12,876250.197702721
2022-05-13,873941.5075933768
2022-05-16,865065.5842287896
2022-05-17,862244.6715799553
2022-05-18,874917.6017518849
2022-05-19,875644.7762429796
2022-05-20,887361.462140327
2022-05-23,855716.6073470046
2022-05-24,849277.9737408326
2022-05-25,849516.2784970559
2022-05-26,866319.1521658135
2022-05-27,867633.8089167377
2022-05-30,872842.0150922808
2022-05-31,886888.620921353
2022-06-01,902534.7346431426
2022-06-02,896479.2462563862
2022-06-03,891672.3898729502
2022-06-06,903494.5349129736
2022-06-07,894022.106614045
2022-06-08,894459.1225077515
2022-06-09,901642.8698049298
2022-06-10,894326.4361178722
2022-06-13,876986.3417937714
2022-06-14,853073.069864161
2022-06-15,829267.1677612409
2022-06-16,825139.1349484276
2022-06-17,833391.9099515855
2022-06-20,813243.3754992989
2022-06-21,812202.8488298652
2022-06-22,829634.284464759
2022-06-23,828353.8608024236
2022-06-24,833631.8600190431
2022-06-27,856004.9083349344
2022-06-28,854308.6986012731
2022-06-29,840958.8555427351
2022-06-30,843195.8419269884
2022-07-01,836296.8396224914
2022-07-04,845042.3057285491
2022-07-05,841524.8956819603
2022-07-06,843423.2663992418
2022-07-07,852849.2013871566
2022-07-08,851588.3091614114
2022-07-11,847123.3059928605
2022-07-12,841892.0123854784
2022-07-13,836225.0828228446
2022-07-14,832349.5256726935
2022-07-15,850232.5727041805
2022-07-18,844372.4517578824
2022-07-19,864873.77278358
2022-07-20,866172.401018607
2022-07-21,870576.2622987014
2022-07-22,866836.7883100107
2022-07-25,869302.8444777516
2022-07-26,863093.5460278472
2022-07-27,874942.865240518
2022-07-28,883965.8051250913
2022-07-29,892539.2035207538
2022-08-01,891269.3416950527
2022-08-02,880339.114567798
2022-08-03,891652.5399890242
2022-08-04,889324.2653685338
2022-08-05,891407.1232423034
2022-08-08,892197.0849330889
2022-08-10,890617.4799988535
2022-08-11,905158.4222420603
2022-08-12,905896.4770171251
2022-08-16,917428.6226834282
2022-08-17,921542.5376643586
2022-08-18,928052.6626973975
2022-08-19,923387.090781905
2022-08-22,923895.7573261464
2022-08-23,915952.7254315227
2022-08-24,898476.229498626
2022-08-25,894290.8761653847
2022-08-26,895911.5608059264
2022-08-29,904676.6114231305
2022-08-30,877274.6958562572
2022-09-01,872263.5024324069
2022-09-02,863890.5666345742
2022-09-05,856269.8565182454
2022-09-06,860237.0203519693
2022-09-07,851052.6807427466
2022-09-08,846347.7805812937
2022-09-09,858195.1360353943
2022-09-12,863446.2795267024
2022-09-13,873696.1439212118
2022-09-14,879936.1194644565
2022-09-15,845251.8440754465
2022-09-16,846070.3068027782
2022-09-19,841361.8506460766
2022-09-20,837573.7603641339
2022-09-21,842934.1312915905
2022-09-22,834416.4081051216
2022-09-23,820219.2297608142
2022-09-26,817308.8864852012
2022-09-27,804094.9142898995
2022-09-28,795138.3176002657
2022-09-29,791719.2547058555
2022-09-30,806631.081946053
2022-10-03,794181.7548783479
2022-10-04,780591.9617523521
2022-10-06,801390.5533659352
2022-10-07,823820.9222022544
2022-10-10,822667.3467286436
2022-10-11,813239.8195040501
2022-10-12,796116.0039954525
2022-10-13,793564.1262707376
2022-10-14,794550.7822658801
2022-10-17,793780.6704590205
2022-10-18,816277.3824902794
2022-10-19,805301.9889159098
2022-10-20,820274.6926717837
2022-10-21,829459.0322810063
2022-10-24,826741.8803890577
2022-10-25,824290.2074259795
2022-10-27,844642.8666204565
2022-10-28,855976.0888510526
2022-10-31,865137.0756556565
2022-11-01,865201.4550920259
2022-11-02,870477.862071967
2022-11-03,892992.2479303577
2022-11-04,889490.8133251102
2022-11-07,887323.6730564894
2022-11-09,873588.7740945215
2022-11-10,869607.4924289145
2022-11-11,880530.7137147838
2022-11-14,892046.5654924097
2022-11-15,901118.0685956791
2022-11-16,883539.4041425752
2022-11-17,916187.3149688293
2022-11-18,917070.1571325304
2022-11-21,911332.0545903653
2022-11-22,912859.8587579917
2022-11-23,911797.518446062
2022-11-24,911593.4998529834
2022-11-25,917011.2443754239
2022-11-28,915777.2609495462
2022-11-29,926587.698804018
2022-11-30,929195.2517379264
2022-12-01,933352.1571091776
2022-12-02,919831.0955331392
2022-12-05,919914.5287350954
2022-12-06,939948.3690719702
2022-12-07,934655.9866506878
2022-12-08,935603.4736235379
2022-12-09,922484.398734278
2022-12-12,912952.7392309073
2022-12-13,912995.7296212281
2022-12-14,917983.7825386834
2022-12-15,909695.129135702
2022-12-16,924058.8023620301
2022-12-19,926874.0891079335
2022-12-20,923007.5015577383
2022-12-21,902242.8245854081
2022-12-22,894586.2891438119
2022-12-23,890159.0219845426
2022-12-26,892664.4594727998
2022-12-27,906978.2426165332
2022-12-28,897494.6686608547
2022-12-29,902289.3178964219
2022-12-30,903311.8522913877
2023-01-02,893370.2449178459
2023-01-03,902747.7759107328
2023-01-04,900749.0942827027
2023-01-05,900453.4690060517
2023-01-06,904078.4611775546
